Filename,Distance
image_0001.jpg,0.0
image_1303.jpg,16.67857505195371
image_0257.jpg,16.692387759411083
image_0510.jpg,16.866058156669357
image_0487.jpg,17.016405013472532
